﻿<?xml version="1.0" encoding="utf-8" ?>
<configuration width="500" height="610" background="#000">
	<scripts>
		<script key="AlbumButton" url="../../Scripts/Debug/AlbumButton.js" extendsClass="Button" />
		<script key="AlbumNavigation" url="../../Scripts/Debug/AlbumNavigation.js" extendsClass="PageNavigation" />
		<script key="AlbumViewer" url="../../Scripts/Debug/AlbumViewer.js" extendsClass ="UserControl"/>
		<script key="Button" url="../../Scripts/Debug/Button.js" extendsClass="UserControl" />
		<script key="DataProvider" url="../../Scripts/Debug/DataProvider.js" extendsClass="Object" />
		<script key="FadeTransition" url="../../Scripts/Debug/FadeTransition.js" extendsClass="Transition" />
		<script key="FlickrDataProvider" url="../../Scripts/Debug/FlickrDataProvider.js" extendsClass="DataProvider" />
		<script key="NavigationTray" url="../../Scripts/Debug/NavigationTray.js" extendsClass="UserControl" />
		<script key="NoTransition" url="../../Scripts/Debug/NoTransition.js" extendsClass="Transition" />
		<script key="PageContainer" url="../../Scripts/Debug/PageContainer.js" extendsClass="UserControl" />
		<script key="PageNavigation" url="../../Scripts/Debug/PageNavigation.js" extendsClass="SlideNavigation" />
		<script key="PathButton" url="../../Scripts/Debug/PathButton.js" extendsClass="Button" />
		<script key="ProgressBar" url="../../Scripts/Debug/ProgressBar.js" extendsClass="ProgressIndicator" />
		<script key="ProgressIndicator" url="../../Scripts/Debug/ProgressIndicator.js" extendsClass="UserControl"/>
		<script key="ProgressPie" url="../../Scripts/Debug/ProgressPie.js" extendsClass="ProgressIndicator" />
		<script key="ShapeTransition" url="../../Scripts/Debug/ShapeTransition.js" extendsClass="Transition" />
		<script key="SlideDescription" url="../../Scripts/Debug/SlideDescription.js" extendsClass="UserControl" />
		<script key="SlideImage" url="../../Scripts/Debug/SlideImage.js" extendsClass="UserControl" />
		<script key="SlideNavigation" url="../../Scripts/Debug/SlideNavigation.js" extendsClass="UserControl" />
		<script key="SlideShowNavigation" url="../../Scripts/Debug/SlideShowNavigation.js" extendsClass="SlideNavigation" />
		<script key="SlideTransition" url="../../Scripts/Debug/SlideTransition.js" extendsClass="Transition" />
		<script key="SlideViewer" url="../../Scripts/Debug/SlideViewer.js" extendsClass="UserControl" />
		<script key="ThumbnailButton" url="../../Scripts/Debug/ThumbnailButton.js" extendsClass="Button" />
		<script key="ThumbnailNavigation" url="../../Scripts/Debug/ThumbnailNavigation.js" extendsClass="PageNavigation" />
		<script key="ThumbnailPreview" url="../../Scripts/Debug/ThumbnailPreview.js" extendsClass="UserControl" />
		<script key="ThumbnailViewer" url="../../Scripts/Debug/ThumbnailViewer.js" extendsClass="UserControl" />
		<script key="ThumbnailViewerBackground" url="../../Scripts/Debug/ThumbnailViewerBackground.js" extendsClass="UserControl" />
		<script key="Transition" url="../../Scripts/Debug/Transition.js" extendsClass="Object" />
		<script key="WipeTransition" url="../../Scripts/Debug/WipeTransition.js" extendsClass="Transition" />
		<script key="XmlDataProvider" url="../../Scripts/Debug/XmlDataProvider.js" extendsClass="DataProvider" />
	</scripts>
	<modules>
		<module type="SlideViewer">
			<option name="bottom" value="42" />
			<option name="slideImage.stretch" value="UniformToFill" />
		</module>
		<module type="ProgressBar">
			<option name="width" value="140" />
			<option name="height" value="2" />
		</module>
		<module type="SlideDescription">
			<option name="slideAnimationDuration" value="0.4" />
			<option name="backgroundFill" value="#000" />
			<option name="backgroundOpacity" value="0.7" />
			<option name="titleOpacity" value="0" />
			<option name="descriptionOpacity" value="0" />
			<option name="descriptionHeight" value="0" />
			<option name="hideIfEmpty" value="true" />
		</module>
		<module type="NavigationTray">
			<option name="background" value="#000" />
			<option name="initialFadeTimout" value="3000" />
			<option name="fadeOpacity" value="0.3" />
			<option name="fadeInAnimationDuration" value="0.2" />
			<option name="fadeOutAnimationDuration" value="0.6" />
			<option name="container.width" value="281" />
			<option name="slideShowNavigation.loopAlbum" value="true" />
			<option name="slideShowNavigation.visibility" value="Collapsed" />
			<option name="toggleAlbumViewButton.visibility" value="Collapsed" />
			<option name="toggleFullScreenModeButton.visibility" value="Collapsed" />
			<option name="thumbnailViewer.left" value="30" />
			<option name="thumbnailViewer.right" value="30" />
			<option name="thumbnailViewer.width" value="Auto" />
			<option name="thumbnailViewer.pageContainer.left" value="10" />
			<option name="thumbnailViewer.pageContainer.right" value="10" />
			<option name="thumbnailViewer.thumbnailNavigation.previousPageButton.width" value="10" />
			<option name="thumbnailViewer.thumbnailNavigation.previousPageButton.pathData" value="F1 M 101.447,284.834L 101.447,274.714L -106.906,279.774L 101.447,284.834 Z" />
			<option name="thumbnailViewer.thumbnailNavigation.previousPageButton.pathHeight" value="30" />
			<option name="thumbnailViewer.thumbnailNavigation.previousPageButton.pathStretch" value="Fill" />
			<option name="thumbnailViewer.thumbnailNavigation.nextPageButton.width" value="10" />
			<option name="thumbnailViewer.thumbnailNavigation.nextPageButton.pathData" value="F1 M 101.447,284.834L 101.447,274.714L 106.906,279.774L 101.447,284.834 Z" />
			<option name="thumbnailViewer.thumbnailNavigation.nextPageButton.pathHeight" value="30" />
			<option name="thumbnailViewer.thumbnailNavigation.nextPageButton.pathStretch" value="Fill" />
			<option name="thumbnailViewer.thumbnailNavigation.previousPageButton.pathFill" value="#444" />
			<option name="thumbnailViewer.thumbnailNavigation.previousPageButton.pathFillHover" value="#999" />
			<option name="thumbnailViewer.thumbnailNavigation.previousPageButton.pathFillDisabled" value="#222" />
			<option name="thumbnailViewer.thumbnailNavigation.previousPageButton.cursor" value="Default" />
			<option name="thumbnailViewer.thumbnailNavigation.nextPageButton.pathFill" value="#444" />
			<option name="thumbnailViewer.thumbnailNavigation.nextPageButton.pathFillHover" value="#999" />
			<option name="thumbnailViewer.thumbnailNavigation.nextPageButton.pathFillDisabled" value="#222" />
			<option name="thumbnailViewer.thumbnailNavigation.nextPageButton.cursor" value="Default" />
			<option name="thumbnailViewer.thumbnailButton.stroke" value="#444" />
			<option name="thumbnailViewer.thumbnailButton.imageBackground" value="#222" />
			<option name="thumbnailViewer.thumbnailPreview.width" value="100" />
			<option name="thumbnailViewer.thumbnailPreview.height" value="150" />
			<option name="thumbnailViewer.thumbnailPreview.stroke" value="#fff" />
			<option name="thumbnailViewer.thumbnailPreview.arrowFill" value="#fff" />
			<option name="thumbnailViewer.thumbnailPreview.imageBackground" value="#222" />
		</module>
	</modules>
	<transitions>
		<transition type="FadeTransition" name="CrossFadeTransition" />
	</transitions>
	<dataProvider type="XmlDataProvider" />
</configuration>