﻿<?xml version="1.0" encoding="utf-8"?>
<data transition="CrossFadeTransition">
	<album>

    <slide title="Шварцнегер" image="Images/shvarc.jpg" />    
    <slide title="Спортзал" image="Images/IMG_2155.jpg" />
    <slide title="Спортзал" image="Images/IMG_2156.jpg" />
    <slide title="Спортзал" image="Images/IMG_2157.jpg" />
    <slide title="Спортзал" image="Images/IMG_2160.jpg" />
    <slide title="Спортзал" image="Images/IMG_2165.jpg" />
    <slide title="Тренеры" image="Images/IMG_2170-1.jpg" />
    <slide title="Спортзал" image="Images/IMG_2177.jpg" />
    <slide title="Спортзал" image="Images/IMG_2180.jpg" />
    <slide title="Спортзал" image="Images/IMG_2183.jpg" />
    <slide title="Спортзал" image="Images/IMG_2186.jpg" />
    <slide title="Спортзал" image="Images/IMG_2187.jpg" />
    <slide title="Тренеры" image="Images/IMG_2189.jpg" />
    <slide title="Спортзал" image="Images/IMG_2190.jpg" />
    <slide title="Спортзал" image="Images/IMG_2193.jpg" />
    <slide title="Спортзал" image="Images/IMG_2195.jpg" />


  </album>
</data>